experiment,epoch,timestamp,source,grad_norm,train_loss,lr
0025_20260831_dino_paper_faithful,1,20260831-173231,log_172641.txt,1.6223,10.7861,1e-05
0025_20260831_dino_paper_faithful,2,20260831-173916,log_172641.txt,3.15,8.7412,0.000209
0025_20260831_dino_paper_faithful,3,20260831-174601,log_172641.txt,0.5646,10.8132,0.000408
0025_20260831_dino_paper_faithful,4,20260831-175247,log_172641.txt,0.6505,10.6456,0.000607
0025_20260831_dino_paper_faithful,5,20260831-175932,log_172641.txt,0.9062,10.0299,0.000806
0025_20260831_dino_paper_faithful,6,20260831-180636,log_172641.txt,0.3843,10.6211,0.00101
0025_20260831_dino_paper_faithful,7,20260831-181321,log_172641.txt,0.5934,10.1063,0.0012
0025_20260831_dino_paper_faithful,8,20260831-182006,log_172641.txt,0.6677,9.4671,0.0014
0025_20260831_dino_paper_faithful,9,20260831-182651,log_172641.txt,0.709,9.0839,0.0016
0025_20260831_dino_paper_faithful,10,20260831-183337,log_172641.txt,0.3279,10.2121,0.0018
0025_20260831_dino_paper_faithful,11,20260831-184039,log_172641.txt,0.2515,10.4211,0.002
0025_20260831_dino_paper_faithful,12,20260831-184725,log_172641.txt,0.0001,11.0904,0.002
0025_20260831_dino_paper_faithful,13,20260831-185409,log_172641.txt,0.0,11.0904,0.002
0025_20260831_dino_paper_faithful,14,20260831-190055,log_172641.txt,0.0001,11.0904,0.002
0025_20260831_dino_paper_faithful,15,20260831-190739,log_172641.txt,0.0002,11.0904,0.002
0025_20260831_dino_paper_faithful,16,20260831-191442,log_172641.txt,0.0004,11.0904,0.002
0025_20260831_dino_paper_faithful,17,20260831-192127,log_172641.txt,0.0005,11.0904,0.002
0025_20260831_dino_paper_faithful,18,20260831-192812,log_172641.txt,0.0007,11.0904,0.002
0025_20260831_dino_paper_faithful,19,20260831-193456,log_172641.txt,0.0006,11.0904,0.002
0025_20260831_dino_paper_faithful,20,20260831-194140,log_172641.txt,0.0005,11.0904,0.002
0026_20260901_dino_clipgrad03,1,20260901-182220,log_181630.txt,2.0073,10.7873,1e-05
0026_20260901_dino_clipgrad03,2,20260901-182906,log_181630.txt,4.3174,8.7962,0.000209
0026_20260901_dino_clipgrad03,3,20260901-183552,log_181630.txt,1.1047,10.3825,0.000408
0026_20260901_dino_clipgrad03,4,20260901-184240,log_181630.txt,1.2707,9.9324,0.000607
0026_20260901_dino_clipgrad03,5,20260901-184927,log_181630.txt,1.4056,9.3731,0.000806
0026_20260901_dino_clipgrad03,6,20260901-185633,log_181630.txt,1.3367,8.7615,0.00101
0026_20260901_dino_clipgrad03,7,20260901-190320,log_181630.txt,1.2132,8.2284,0.0012
0026_20260901_dino_clipgrad03,8,20260901-191006,log_181630.txt,1.1269,7.3967,0.0014
0026_20260901_dino_clipgrad03,9,20260901-191654,log_181630.txt,1.1957,6.0007,0.0016
0026_20260901_dino_clipgrad03,10,20260901-192341,log_181630.txt,1.3034,5.3949,0.0018
0026_20260901_dino_clipgrad03,11,20260901-193046,log_181630.txt,1.0586,5.1678,0.002
0026_20260901_dino_clipgrad03,12,20260901-193732,log_181630.txt,1.2057,4.4334,0.002
0026_20260901_dino_clipgrad03,13,20260901-194419,log_181630.txt,1.0797,3.9895,0.002
0026_20260901_dino_clipgrad03,14,20260901-195106,log_181630.txt,1.0888,3.6918,0.002
0026_20260901_dino_clipgrad03,15,20260901-195753,log_181630.txt,1.0769,3.483,0.002
0026_20260901_dino_clipgrad03,16,20260901-200458,log_181630.txt,1.0143,3.3347,0.002
0026_20260901_dino_clipgrad03,17,20260901-201145,log_181630.txt,0.9487,3.16,0.002
0026_20260901_dino_clipgrad03,18,20260901-201832,log_181630.txt,0.9323,3.0283,0.002
0026_20260901_dino_clipgrad03,19,20260901-202519,log_181630.txt,0.9548,2.9696,0.002
0026_20260901_dino_clipgrad03,20,20260901-203205,log_181630.txt,0.8796,2.8539,0.002
0026_20260901_dino_clipgrad03,21,20260902-150240,log_145646.txt,0.8792,2.7608,0.002
0026_20260901_dino_clipgrad03,22,20260902-150928,log_145646.txt,0.9558,2.7004,0.002
0026_20260901_dino_clipgrad03,23,20260902-151616,log_145646.txt,0.9496,2.6434,0.002
0026_20260901_dino_clipgrad03,24,20260902-152304,log_145646.txt,0.9556,2.594,0.002
0026_20260901_dino_clipgrad03,25,20260902-152952,log_145646.txt,0.9507,2.5405,0.002
0026_20260901_dino_clipgrad03,26,20260902-153659,log_145646.txt,0.9641,2.4966,0.002
0026_20260901_dino_clipgrad03,27,20260902-154346,log_145646.txt,0.9923,2.4673,0.00199
0026_20260901_dino_clipgrad03,28,20260902-155035,log_145646.txt,0.9281,2.4192,0.00199
0026_20260901_dino_clipgrad03,29,20260902-155724,log_145646.txt,1.0021,2.4088,0.00199
0026_20260901_dino_clipgrad03,30,20260902-160412,log_145646.txt,0.9522,2.3717,0.00199
0026_20260901_dino_clipgrad03,31,20260902-161120,log_145646.txt,1.0355,2.3499,0.00199
0026_20260901_dino_clipgrad03,32,20260902-161808,log_145646.txt,0.9948,2.32,0.00199
0026_20260901_dino_clipgrad03,33,20260902-162457,log_145646.txt,0.9878,2.3007,0.00199
0026_20260901_dino_clipgrad03,34,20260902-163145,log_145646.txt,0.8729,2.2642,0.00199
0026_20260901_dino_clipgrad03,35,20260902-163833,log_145646.txt,0.927,2.2469,0.00199
0026_20260901_dino_clipgrad03,36,20260902-164540,log_145646.txt,0.8746,2.2197,0.00199
0026_20260901_dino_clipgrad03,37,20260902-165228,log_145646.txt,0.8555,2.2015,0.00199
0026_20260901_dino_clipgrad03,38,20260902-165917,log_145646.txt,0.8881,2.1858,0.00198
0026_20260901_dino_clipgrad03,39,20260902-170605,log_145646.txt,0.8411,2.1714,0.00198
0026_20260901_dino_clipgrad03,40,20260902-171254,log_145646.txt,0.8363,2.1597,0.00198
0026_20260901_dino_clipgrad03,41,20260902-172001,log_145646.txt,0.8643,2.1469,0.00198
0026_20260901_dino_clipgrad03,42,20260902-172650,log_145646.txt,0.8915,2.1467,0.00198
0026_20260901_dino_clipgrad03,43,20260902-173338,log_145646.txt,0.9013,2.1292,0.00198
0026_20260901_dino_clipgrad03,44,20260902-174026,log_145646.txt,0.9618,2.1224,0.00198
0026_20260901_dino_clipgrad03,45,20260902-174714,log_145646.txt,0.9448,2.113,0.00198
0026_20260901_dino_clipgrad03,46,20260902-175420,log_145646.txt,0.9331,2.1028,0.00197
0026_20260901_dino_clipgrad03,47,20260902-180108,log_145646.txt,0.8565,2.0869,0.00197
0026_20260901_dino_clipgrad03,48,20260902-180756,log_145646.txt,0.8608,2.0843,0.00197
0026_20260901_dino_clipgrad03,49,20260902-181446,log_145646.txt,0.8542,2.0706,0.00197
0026_20260901_dino_clipgrad03,50,20260902-182135,log_145646.txt,0.8374,2.0612,0.00197
0026_20260901_dino_clipgrad03,51,20260902-182841,log_145646.txt,0.855,2.0537,0.00197
0026_20260901_dino_clipgrad03,52,20260902-183530,log_145646.txt,0.8065,2.0455,0.00196
0026_20260901_dino_clipgrad03,53,20260902-184219,log_145646.txt,0.8087,2.0364,0.00196
0026_20260901_dino_clipgrad03,54,20260902-184906,log_145646.txt,0.8106,2.0325,0.00196
0026_20260901_dino_clipgrad03,55,20260902-185554,log_145646.txt,1.0727,2.0787,0.00196
0026_20260901_dino_clipgrad03,56,20260902-190301,log_145646.txt,1.1301,2.08,0.00196
0026_20260901_dino_clipgrad03,57,20260902-190949,log_145646.txt,0.9086,2.0357,0.00196
0026_20260901_dino_clipgrad03,58,20260902-191637,log_145646.txt,1.1054,2.0441,0.00195
0026_20260901_dino_clipgrad03,59,20260902-192325,log_145646.txt,0.9262,2.0272,0.00195
0026_20260901_dino_clipgrad03,60,20260902-193013,log_145646.txt,1.1384,2.0228,0.00195
0026_20260901_dino_clipgrad03,61,20260902-193723,log_145646.txt,1.3526,2.0399,0.00195
0026_20260901_dino_clipgrad03,62,20260902-194411,log_145646.txt,1.6852,2.0571,0.00194
0026_20260901_dino_clipgrad03,63,20260902-195059,log_145646.txt,1.5681,2.0512,0.00194
0026_20260901_dino_clipgrad03,64,20260902-195748,log_145646.txt,1.1382,2.0259,0.00194
0026_20260901_dino_clipgrad03,65,20260902-200436,log_145646.txt,1.1912,2.0136,0.00194
0026_20260901_dino_clipgrad03,66,20260902-201143,log_145646.txt,0.9964,5.3178,0.00194
0026_20260901_dino_clipgrad03,67,20260902-201831,log_145646.txt,1.304,2.6034,0.00193
0026_20260901_dino_clipgrad03,68,20260902-202519,log_145646.txt,1.4679,2.1363,0.00193
0026_20260901_dino_clipgrad03,69,20260902-203207,log_145646.txt,1.2185,1.9689,0.00193
0026_20260901_dino_clipgrad03,70,20260902-203855,log_145646.txt,1.0975,1.8598,0.00193
0026_20260901_dino_clipgrad03,71,20260902-204601,log_145646.txt,1.0744,1.7807,0.00192
0026_20260901_dino_clipgrad03,72,20260902-205250,log_145646.txt,1.021,1.731,0.00192
0026_20260901_dino_clipgrad03,73,20260902-205938,log_145646.txt,1.2273,1.6919,0.00192
0026_20260901_dino_clipgrad03,74,20260902-210626,log_145646.txt,1.2609,1.672,0.00192
0026_20260901_dino_clipgrad03,75,20260902-211314,log_145646.txt,1.7781,1.6647,0.00191
0026_20260901_dino_clipgrad03,76,20260902-212020,log_145646.txt,2.4547,1.6608,0.00191
0026_20260901_dino_clipgrad03,77,20260902-212708,log_145646.txt,2.9517,1.659,0.00191
0026_20260901_dino_clipgrad03,78,20260902-213356,log_145646.txt,1.7406,1.6363,0.00191
0026_20260901_dino_clipgrad03,79,20260902-214045,log_145646.txt,1.2355,1.6165,0.0019
0026_20260901_dino_clipgrad03,80,20260902-214732,log_145646.txt,1.0936,1.5993,0.0019
0026_20260901_dino_clipgrad03,81,20260902-215440,log_145646.txt,1.3936,1.5938,0.0019
0026_20260901_dino_clipgrad03,82,20260902-220128,log_145646.txt,2.2229,1.5988,0.00189
0026_20260901_dino_clipgrad03,83,20260902-220815,log_145646.txt,2.5232,1.6129,0.00189
0026_20260901_dino_clipgrad03,84,20260902-221503,log_145646.txt,2.5917,1.5976,0.00189
0026_20260901_dino_clipgrad03,85,20260902-222152,log_145646.txt,5.6725,1.6132,0.00189
0026_20260901_dino_clipgrad03,86,20260902-222858,log_145646.txt,2.8939,1.6084,0.00188
0026_20260901_dino_clipgrad03,87,20260902-223547,log_145646.txt,4.8638,1.6099,0.00188
0026_20260901_dino_clipgrad03,88,20260902-224235,log_145646.txt,5.9848,1.6051,0.00188
0026_20260901_dino_clipgrad03,89,20260902-224922,log_145646.txt,3.7777,6.4304,0.00187
0026_20260901_dino_clipgrad03,90,20260902-225610,log_145646.txt,0.0002,11.0904,0.00187
0026_20260901_dino_clipgrad03,91,20260902-230316,log_145646.txt,0.0001,11.0904,0.00187
0026_20260901_dino_clipgrad03,92,20260902-231005,log_145646.txt,0.0003,11.0904,0.00186
0026_20260901_dino_clipgrad03,93,20260902-231653,log_145646.txt,0.0004,11.0904,0.00186
0026_20260901_dino_clipgrad03,94,20260902-232340,log_145646.txt,0.0003,11.0904,0.00186
0026_20260901_dino_clipgrad03,95,20260902-233028,log_145646.txt,0.0004,11.0904,0.00185
0028_20260917_dino_lr_half,1,20260917-200301,log_195710.txt,2.0571,10.7738,1e-05
0028_20260917_dino_lr_half,2,20260917-200951,log_195710.txt,4.2075,8.9015,0.000109
0028_20260917_dino_lr_half,3,20260917-201639,log_195710.txt,2.2559,9.6866,0.000208
0028_20260917_dino_lr_half,4,20260917-202327,log_195710.txt,2.9638,8.8578,0.000307
0028_20260917_dino_lr_half,5,20260917-203014,log_195710.txt,2.9491,7.6981,0.000406
0028_20260917_dino_lr_half,6,20260917-203721,log_195710.txt,3.0548,6.4259,0.000505
0028_20260917_dino_lr_half,7,20260917-204409,log_195710.txt,2.9548,5.4686,0.000604
0028_20260917_dino_lr_half,8,20260917-205056,log_195710.txt,2.6913,4.7919,0.000703
0028_20260917_dino_lr_half,9,20260917-205744,log_195710.txt,2.4333,4.2494,0.000802
0028_20260917_dino_lr_half,10,20260917-210431,log_195710.txt,2.1704,3.8601,0.000901
0028_20260917_dino_lr_half,11,20260917-211137,log_195710.txt,1.9488,3.5613,0.001
0028_20260917_dino_lr_half,12,20260917-211825,log_195710.txt,1.7368,3.3044,0.001
0028_20260917_dino_lr_half,13,20260917-212511,log_195710.txt,1.4985,3.0685,0.001
0028_20260917_dino_lr_half,14,20260917-213159,log_195710.txt,1.3846,2.8957,0.001
0028_20260917_dino_lr_half,15,20260917-213846,log_195710.txt,1.2981,2.7533,0.001
0028_20260917_dino_lr_half,16,20260917-214551,log_195710.txt,1.2356,2.6325,0.001
0028_20260917_dino_lr_half,17,20260917-215238,log_195710.txt,1.1722,2.5311,0.001
0028_20260917_dino_lr_half,18,20260917-215925,log_195710.txt,1.1102,2.441,0.000999
0028_20260917_dino_lr_half,19,20260917-220612,log_195710.txt,1.1183,2.3702,0.000999
0028_20260917_dino_lr_half,20,20260917-221258,log_195710.txt,1.0434,2.2954,0.000999
0028_20260917_dino_lr_half,21,20260917-222004,log_195710.txt,1.0194,2.233,0.000999
0028_20260917_dino_lr_half,22,20260917-222651,log_195710.txt,0.9969,2.1814,0.000999
0028_20260917_dino_lr_half,23,20260917-223338,log_195710.txt,1.001,2.1362,0.000998
0028_20260917_dino_lr_half,24,20260917-224024,log_195710.txt,0.9762,2.0934,0.000998
0028_20260917_dino_lr_half,25,20260917-224710,log_195710.txt,0.9491,2.0567,0.000998
0028_20260917_dino_lr_half,26,20260917-225416,log_195710.txt,0.9497,2.0302,0.000998
0028_20260917_dino_lr_half,27,20260917-230102,log_195710.txt,0.8973,2.0023,0.000997
0028_20260917_dino_lr_half,28,20260917-230749,log_195710.txt,0.9148,1.9756,0.000997
0028_20260917_dino_lr_half,29,20260917-231435,log_195710.txt,0.8749,1.9527,0.000997
0028_20260917_dino_lr_half,30,20260917-232121,log_195710.txt,0.8766,1.9354,0.000996
0028_20260917_dino_lr_half,31,20260917-232825,log_195710.txt,0.849,1.9146,0.000996
0028_20260917_dino_lr_half,32,20260917-233511,log_195710.txt,0.8695,1.902,0.000995
0028_20260917_dino_lr_half,33,20260917-234158,log_195710.txt,0.8083,1.877,0.000995
0028_20260917_dino_lr_half,34,20260917-234845,log_195710.txt,0.8091,1.8609,0.000994
0028_20260917_dino_lr_half,35,20260917-235531,log_195710.txt,0.8035,1.8464,0.000994
0028_20260917_dino_lr_half,36,20260918-000236,log_195710.txt,0.8022,1.8303,0.000993
0028_20260917_dino_lr_half,37,20260918-000922,log_195710.txt,0.7832,1.8175,0.000993
0028_20260917_dino_lr_half,38,20260918-001609,log_195710.txt,0.8089,1.806,0.000992
0028_20260917_dino_lr_half,39,20260918-002256,log_195710.txt,0.8309,1.7946,0.000992
0028_20260917_dino_lr_half,40,20260918-002942,log_195710.txt,0.8022,1.783,0.000991
0028_20260917_dino_lr_half,41,20260918-003646,log_195710.txt,0.7889,1.7675,0.00099
0028_20260917_dino_lr_half,42,20260918-004332,log_195710.txt,0.7823,1.7559,0.00099
0028_20260917_dino_lr_half,43,20260918-005019,log_195710.txt,0.7749,1.7415,0.000989
0028_20260917_dino_lr_half,44,20260918-005706,log_195710.txt,0.77,1.7329,0.000988
0028_20260917_dino_lr_half,45,20260918-010353,log_195710.txt,0.7767,1.7248,0.000988
0028_20260917_dino_lr_half,46,20260918-011058,log_195710.txt,0.7664,1.7143,0.000987
0028_20260917_dino_lr_half,47,20260918-011745,log_195710.txt,0.791,1.709,0.000986
0028_20260917_dino_lr_half,48,20260918-012431,log_195710.txt,0.7754,1.6984,0.000985
0028_20260917_dino_lr_half,49,20260918-013118,log_195710.txt,0.7564,1.6883,0.000985
0028_20260917_dino_lr_half,50,20260918-013806,log_195710.txt,0.7638,1.6881,0.000984
0028_20260917_dino_lr_half,51,20260918-014511,log_195710.txt,0.7323,1.6762,0.000983
0028_20260917_dino_lr_half,52,20260918-015158,log_195710.txt,0.7402,1.6699,0.000982
0028_20260917_dino_lr_half,53,20260918-015845,log_195710.txt,0.7568,1.6648,0.000981
0028_20260917_dino_lr_half,54,20260918-020531,log_195710.txt,0.7672,1.6596,0.00098
0028_20260917_dino_lr_half,55,20260918-021217,log_195710.txt,0.7694,1.6556,0.000979
0028_20260917_dino_lr_half,56,20260918-021922,log_195710.txt,0.7676,1.6502,0.000978
0028_20260917_dino_lr_half,57,20260918-022608,log_195710.txt,0.7825,1.6477,0.000978
0028_20260917_dino_lr_half,58,20260918-023255,log_195710.txt,0.7601,1.6387,0.000977
0028_20260917_dino_lr_half,59,20260918-023941,log_195710.txt,0.733,1.6324,0.000976
0028_20260917_dino_lr_half,60,20260918-024628,log_195710.txt,0.7356,1.6271,0.000975
0028_20260917_dino_lr_half,61,20260918-025334,log_195710.txt,0.7328,1.6222,0.000973
0028_20260917_dino_lr_half,62,20260918-030020,log_195710.txt,0.7404,1.6222,0.000972
0028_20260917_dino_lr_half,63,20260918-030706,log_195710.txt,0.7711,1.62,0.000971
0028_20260917_dino_lr_half,64,20260918-031353,log_195710.txt,0.8008,1.6196,0.00097
0028_20260917_dino_lr_half,65,20260918-032040,log_195710.txt,0.7549,1.6125,0.000969
0028_20260917_dino_lr_half,66,20260918-032744,log_195710.txt,0.7514,1.6071,0.000968
0028_20260917_dino_lr_half,67,20260918-033431,log_195710.txt,0.7564,1.6049,0.000967
0028_20260917_dino_lr_half,68,20260918-034118,log_195710.txt,0.7543,1.6,0.000966
0028_20260917_dino_lr_half,69,20260918-034804,log_195710.txt,0.7556,1.5999,0.000964
0028_20260917_dino_lr_half,70,20260918-035451,log_195710.txt,0.7511,1.5953,0.000963
0028_20260917_dino_lr_half,71,20260918-040156,log_195710.txt,0.7614,1.5958,0.000962
0028_20260917_dino_lr_half,72,20260918-040843,log_195710.txt,0.7574,1.5928,0.000961
0028_20260917_dino_lr_half,73,20260918-041531,log_195710.txt,0.7747,1.5932,0.000959
0028_20260917_dino_lr_half,74,20260918-042218,log_195710.txt,0.7787,1.5887,0.000958
0028_20260917_dino_lr_half,75,20260918-042905,log_195710.txt,0.7882,1.5892,0.000957
0028_20260917_dino_lr_half,76,20260918-043609,log_195710.txt,0.8178,1.5893,0.000955
0028_20260917_dino_lr_half,77,20260918-044256,log_195710.txt,0.7842,1.5829,0.000954
0028_20260917_dino_lr_half,78,20260918-044942,log_195710.txt,0.772,1.5812,0.000953
0028_20260917_dino_lr_half,79,20260918-045629,log_195710.txt,0.7473,1.5771,0.000951
0028_20260917_dino_lr_half,80,20260918-050316,log_195710.txt,0.7744,1.5773,0.00095
0028_20260917_dino_lr_half,81,20260918-051020,log_195710.txt,0.7746,1.5738,0.000948
0028_20260917_dino_lr_half,82,20260918-051707,log_195710.txt,0.7896,1.573,0.000947
0028_20260917_dino_lr_half,83,20260918-052354,log_195710.txt,0.7948,1.573,0.000946
0028_20260917_dino_lr_half,84,20260918-053041,log_195710.txt,0.776,1.5708,0.000944
0028_20260917_dino_lr_half,85,20260918-053728,log_195710.txt,0.8153,1.571,0.000943
0028_20260917_dino_lr_half,86,20260918-054433,log_195710.txt,0.8003,1.5695,0.000941
0028_20260917_dino_lr_half,87,20260918-055119,log_195710.txt,0.7875,1.5686,0.000939
0028_20260917_dino_lr_half,88,20260918-055806,log_195710.txt,0.7974,1.5649,0.000938
0028_20260917_dino_lr_half,89,20260918-060453,log_195710.txt,0.8292,1.5686,0.000936
0028_20260917_dino_lr_half,90,20260918-061140,log_195710.txt,0.8213,1.5703,0.000935
0028_20260917_dino_lr_half,91,20260918-061844,log_195710.txt,0.8293,1.57,0.000933
0028_20260917_dino_lr_half,92,20260918-062531,log_195710.txt,0.8119,1.5668,0.000931
0028_20260917_dino_lr_half,93,20260918-063218,log_195710.txt,0.8751,1.5704,0.00093
0028_20260917_dino_lr_half,94,20260918-063905,log_195710.txt,0.9231,1.575,0.000928
0028_20260917_dino_lr_half,95,20260918-064551,log_195710.txt,0.837,1.5689,0.000926
0028_20260917_dino_lr_half,96,20260918-065256,log_195710.txt,0.8604,1.5668,0.000925
0028_20260917_dino_lr_half,97,20260918-065943,log_195710.txt,0.8608,1.5656,0.000923
0028_20260917_dino_lr_half,98,20260918-070630,log_195710.txt,0.8544,1.5668,0.000921
0028_20260917_dino_lr_half,99,20260918-071317,log_195710.txt,0.8351,1.5629,0.000919
0028_20260917_dino_lr_half,100,20260918-072003,log_195710.txt,0.8477,1.564,0.000918
0028_20260917_dino_lr_half,101,20260918-072709,log_195710.txt,0.8527,1.5625,0.000916
0028_20260917_dino_lr_half,102,20260918-073355,log_195710.txt,0.8607,1.5614,0.000914
0028_20260917_dino_lr_half,103,20260918-074042,log_195710.txt,0.8694,1.5625,0.000912
0028_20260917_dino_lr_half,104,20260918-074728,log_195710.txt,0.9301,1.5763,0.00091
0028_20260917_dino_lr_half,105,20260918-075416,log_195710.txt,0.8806,1.5685,0.000908
0028_20260917_dino_lr_half,106,20260918-080120,log_195710.txt,0.8988,1.5644,0.000907
0028_20260917_dino_lr_half,107,20260918-080807,log_195710.txt,0.904,1.5666,0.000905
0028_20260917_dino_lr_half,108,20260918-081453,log_195710.txt,0.908,1.5664,0.000903
0028_20260917_dino_lr_half,109,20260918-082139,log_195710.txt,0.8997,1.5667,0.000901
0028_20260917_dino_lr_half,110,20260918-082826,log_195710.txt,0.9133,1.5651,0.000899
0028_20260917_dino_lr_half,111,20260918-083530,log_195710.txt,0.9048,1.5656,0.000897
0028_20260917_dino_lr_half,112,20260918-084216,log_195710.txt,0.912,1.565,0.000895
0028_20260917_dino_lr_half,113,20260918-084902,log_195710.txt,0.9242,1.5679,0.000893
0028_20260917_dino_lr_half,114,20260918-085549,log_195710.txt,0.9292,1.5668,0.000891
0028_20260917_dino_lr_half,115,20260918-090236,log_195710.txt,0.934,1.5674,0.000889
0028_20260917_dino_lr_half,116,20260918-090942,log_195710.txt,0.9611,1.5718,0.000887
0028_20260917_dino_lr_half,117,20260918-091629,log_195710.txt,0.9139,1.5661,0.000885
0028_20260917_dino_lr_half,118,20260918-092316,log_195710.txt,0.9341,1.5646,0.000882
0028_20260917_dino_lr_half,119,20260918-093002,log_195710.txt,0.938,1.5669,0.00088
0028_20260917_dino_lr_half,120,20260918-093650,log_195710.txt,0.9663,1.5692,0.000878
0028_20260917_dino_lr_half,121,20260918-094355,log_195710.txt,0.9385,1.5659,0.000876
0028_20260917_dino_lr_half,122,20260918-095041,log_195710.txt,0.9742,1.5743,0.000874
0028_20260917_dino_lr_half,123,20260918-095728,log_195710.txt,0.9273,1.5643,0.000872
0028_20260917_dino_lr_half,124,20260918-100414,log_195710.txt,0.9586,1.5672,0.00087
0028_20260917_dino_lr_half,125,20260918-101101,log_195710.txt,0.9528,1.5664,0.000867
0028_20260917_dino_lr_half,126,20260918-101807,log_195710.txt,0.9863,1.5712,0.000865
0028_20260917_dino_lr_half,127,20260918-102453,log_195710.txt,0.9796,1.5677,0.000863
0028_20260917_dino_lr_half,128,20260918-103139,log_195710.txt,1.0113,1.5739,0.000861
0028_20260917_dino_lr_half,129,20260918-103825,log_195710.txt,1.0215,1.5727,0.000858
0028_20260917_dino_lr_half,130,20260918-104512,log_195710.txt,1.0035,1.5721,0.000856
0028_20260917_dino_lr_half,131,20260918-105217,log_195710.txt,1.0365,1.5723,0.000854
0028_20260917_dino_lr_half,132,20260918-105904,log_195710.txt,0.9924,1.5697,0.000851
0028_20260917_dino_lr_half,133,20260918-110550,log_195710.txt,0.9945,1.5707,0.000849
0028_20260917_dino_lr_half,134,20260918-111237,log_195710.txt,0.976,1.568,0.000847
0028_20260917_dino_lr_half,135,20260918-111923,log_195710.txt,0.997,1.5715,0.000844
0028_20260917_dino_lr_half,136,20260918-112628,log_195710.txt,1.0211,1.5696,0.000842
0028_20260917_dino_lr_half,137,20260918-113315,log_195710.txt,1.0336,1.5726,0.00084
0028_20260917_dino_lr_half,138,20260918-114001,log_195710.txt,1.0415,1.5736,0.000837
0028_20260917_dino_lr_half,139,20260918-114647,log_195710.txt,1.0339,1.573,0.000835
0028_20260917_dino_lr_half,140,20260918-115334,log_195710.txt,1.0248,1.5707,0.000832
0028_20260917_dino_lr_half,141,20260918-120039,log_195710.txt,1.033,1.5713,0.00083
0028_20260917_dino_lr_half,142,20260918-120726,log_195710.txt,1.0399,1.5734,0.000827
0028_20260917_dino_lr_half,143,20260918-121412,log_195710.txt,1.0604,1.5775,0.000825
0028_20260917_dino_lr_half,144,20260918-122058,log_195710.txt,1.081,1.5752,0.000822
0028_20260917_dino_lr_half,145,20260918-122744,log_195710.txt,1.0766,1.5745,0.00082
0028_20260917_dino_lr_half,146,20260918-123449,log_195710.txt,1.1089,1.5778,0.000817
0028_20260917_dino_lr_half,147,20260918-124136,log_195710.txt,1.0895,1.5732,0.000815
0028_20260917_dino_lr_half,148,20260918-124822,log_195710.txt,1.0974,1.5796,0.000812
0028_20260917_dino_lr_half,149,20260918-125509,log_195710.txt,1.0765,1.5745,0.00081
0028_20260917_dino_lr_half,150,20260918-130155,log_195710.txt,1.0799,1.574,0.000807
0028_20260917_dino_lr_half,151,20260918-130859,log_195710.txt,1.1375,1.5827,0.000805
0028_20260917_dino_lr_half,152,20260918-131545,log_195710.txt,1.1136,1.5798,0.000802
0028_20260917_dino_lr_half,153,20260918-132231,log_195710.txt,1.1149,1.5767,0.000799
0028_20260917_dino_lr_half,154,20260918-132918,log_195710.txt,1.153,1.579,0.000797
0028_20260917_dino_lr_half,155,20260918-133604,log_195710.txt,1.1469,1.5798,0.000794
0028_20260917_dino_lr_half,156,20260918-134309,log_195710.txt,1.2025,1.5834,0.000791
0028_20260917_dino_lr_half,157,20260918-134956,log_195710.txt,1.2006,1.5837,0.000789
0028_20260917_dino_lr_half,158,20260918-135643,log_195710.txt,1.1555,1.5803,0.000786
0028_20260917_dino_lr_half,159,20260918-140330,log_195710.txt,1.1479,1.5792,0.000783
0028_20260917_dino_lr_half,160,20260918-141016,log_195710.txt,1.1549,1.5827,0.000781
0028_20260917_dino_lr_half,161,20260918-141721,log_195710.txt,1.1723,1.584,0.000778
0028_20260917_dino_lr_half,162,20260918-142408,log_195710.txt,1.1722,1.5836,0.000775
0028_20260917_dino_lr_half,163,20260918-143054,log_195710.txt,1.19,1.5821,0.000773
0028_20260917_dino_lr_half,164,20260918-143740,log_195710.txt,1.1868,1.5838,0.00077
0028_20260917_dino_lr_half,165,20260918-144426,log_195710.txt,1.2137,1.5837,0.000767
0028_20260917_dino_lr_half,166,20260918-145131,log_195710.txt,1.2117,1.5841,0.000764
0028_20260917_dino_lr_half,167,20260918-145817,log_195710.txt,1.1986,1.581,0.000761
0028_20260917_dino_lr_half,168,20260918-150504,log_195710.txt,1.2355,1.5838,0.000759
0028_20260917_dino_lr_half,169,20260918-151151,log_195710.txt,1.254,1.5845,0.000756
0028_20260917_dino_lr_half,170,20260918-151837,log_195710.txt,1.2726,1.5888,0.000753
0028_20260917_dino_lr_half,171,20260918-152542,log_195710.txt,1.2736,1.5871,0.00075
0028_20260917_dino_lr_half,172,20260918-153228,log_195710.txt,1.2536,1.5855,0.000747
0028_20260917_dino_lr_half,173,20260918-153915,log_195710.txt,1.238,1.5852,0.000745
0028_20260917_dino_lr_half,174,20260918-154602,log_195710.txt,1.2689,1.5866,0.000742
0028_20260917_dino_lr_half,175,20260918-155249,log_195710.txt,1.2981,1.586,0.000739
0028_20260917_dino_lr_half,176,20260918-155954,log_195710.txt,1.3037,1.5868,0.000736
0028_20260917_dino_lr_half,177,20260918-160640,log_195710.txt,1.3196,1.5896,0.000733
0028_20260917_dino_lr_half,178,20260918-161327,log_195710.txt,1.3286,1.5906,0.00073
0028_20260917_dino_lr_half,179,20260918-162013,log_195710.txt,1.3455,1.5914,0.000727
0028_20260917_dino_lr_half,180,20260918-162700,log_195710.txt,1.3342,1.5882,0.000724
0028_20260917_dino_lr_half,181,20260918-163405,log_195710.txt,1.3746,1.5917,0.000721
0028_20260917_dino_lr_half,182,20260918-164052,log_195710.txt,1.3469,1.5909,0.000718
0028_20260917_dino_lr_half,183,20260918-164739,log_195710.txt,1.3372,1.5896,0.000716
0028_20260917_dino_lr_half,184,20260918-165426,log_195710.txt,1.3388,1.5899,0.000713
0028_20260917_dino_lr_half,185,20260918-170112,log_195710.txt,1.3898,1.595,0.00071
0028_20260917_dino_lr_half,186,20260918-170818,log_195710.txt,1.3457,1.591,0.000707
0028_20260917_dino_lr_half,187,20260918-171504,log_195710.txt,1.35,1.5895,0.000704
0028_20260917_dino_lr_half,188,20260918-172152,log_195710.txt,1.3694,1.5915,0.000701
0028_20260917_dino_lr_half,189,20260918-172838,log_195710.txt,1.4023,1.5918,0.000698
0028_20260917_dino_lr_half,190,20260918-173525,log_195710.txt,1.4299,1.5937,0.000695
0028_20260917_dino_lr_half,191,20260918-174230,log_195710.txt,1.5069,1.5986,0.000692
0028_20260917_dino_lr_half,192,20260918-174917,log_195710.txt,1.3622,1.5878,0.000689
0028_20260917_dino_lr_half,193,20260918-175604,log_195710.txt,1.4001,1.5903,0.000686
0028_20260917_dino_lr_half,194,20260918-180251,log_195710.txt,1.4106,1.5932,0.000683
0028_20260917_dino_lr_half,195,20260918-180938,log_195710.txt,1.4163,1.5921,0.00068
0028_20260917_dino_lr_half,196,20260918-181642,log_195710.txt,1.4678,1.5949,0.000676
0028_20260917_dino_lr_half,197,20260918-182329,log_195710.txt,1.4297,1.593,0.000673
0028_20260917_dino_lr_half,198,20260918-183015,log_195710.txt,1.4675,1.5972,0.00067
0028_20260917_dino_lr_half,199,20260918-183703,log_195710.txt,1.5007,1.5982,0.000667
0028_20260917_dino_lr_half,200,20260918-184349,log_195710.txt,1.4775,1.5992,0.000664
0028_20260917_dino_lr_half,201,20260918-185054,log_195710.txt,1.4409,1.5927,0.000661
0028_20260917_dino_lr_half,202,20260918-185741,log_195710.txt,1.4375,1.5893,0.000658
0028_20260917_dino_lr_half,203,20260918-190428,log_195710.txt,1.4628,1.5905,0.000655
0028_20260917_dino_lr_half,204,20260918-191115,log_195710.txt,1.4536,1.5896,0.000652
0028_20260917_dino_lr_half,205,20260918-191801,log_195710.txt,1.4607,1.588,0.000649
0028_20260917_dino_lr_half,206,20260918-192505,log_195710.txt,1.5018,1.5897,0.000645
0028_20260917_dino_lr_half,207,20260918-193152,log_195710.txt,1.4969,1.5898,0.000642
0028_20260917_dino_lr_half,208,20260918-193838,log_195710.txt,1.4979,1.5899,0.000639
0028_20260917_dino_lr_half,209,20260918-194525,log_195710.txt,1.518,1.5917,0.000636
0028_20260917_dino_lr_half,210,20260918-195212,log_195710.txt,1.5294,1.591,0.000633
0028_20260917_dino_lr_half,211,20260918-195918,log_195710.txt,1.5623,1.5922,0.00063
0028_20260917_dino_lr_half,212,20260918-200605,log_195710.txt,1.5345,1.5903,0.000627
0028_20260917_dino_lr_half,213,20260918-201251,log_195710.txt,1.5578,1.5913,0.000623
0028_20260917_dino_lr_half,214,20260918-201938,log_195710.txt,1.5658,1.5937,0.00062
0028_20260917_dino_lr_half,215,20260918-202625,log_195710.txt,1.5748,1.5919,0.000617
0028_20260917_dino_lr_half,216,20260918-203330,log_195710.txt,1.5723,1.5902,0.000614
0028_20260917_dino_lr_half,217,20260918-204017,log_195710.txt,1.5919,1.5891,0.000611
0028_20260917_dino_lr_half,218,20260918-204704,log_195710.txt,1.5799,1.5911,0.000608
0028_20260917_dino_lr_half,219,20260918-205351,log_195710.txt,1.5748,1.5889,0.000604
0028_20260917_dino_lr_half,220,20260918-210037,log_195710.txt,1.5701,1.5845,0.000601
0028_20260917_dino_lr_half,221,20260918-210742,log_195710.txt,1.6127,1.5869,0.000598
0028_20260917_dino_lr_half,222,20260918-211429,log_195710.txt,1.6032,1.5848,0.000595
0028_20260917_dino_lr_half,223,20260918-212115,log_195710.txt,1.6815,1.5896,0.000592
0028_20260917_dino_lr_half,224,20260918-212802,log_195710.txt,1.6463,1.5916,0.000588
0028_20260917_dino_lr_half,225,20260918-213448,log_195710.txt,1.6352,1.5856,0.000585
0028_20260917_dino_lr_half,226,20260918-214153,log_195710.txt,1.6562,1.5848,0.000582
0028_20260917_dino_lr_half,227,20260918-214840,log_195710.txt,1.679,1.5845,0.000579
0028_20260917_dino_lr_half,228,20260918-215526,log_195710.txt,1.6663,1.584,0.000575
0028_20260917_dino_lr_half,229,20260918-220213,log_195710.txt,1.6675,1.5822,0.000572
0028_20260917_dino_lr_half,230,20260918-220900,log_195710.txt,1.6855,1.5832,0.000569
0028_20260917_dino_lr_half,231,20260918-221605,log_195710.txt,1.718,1.5843,0.000566
0028_20260917_dino_lr_half,232,20260918-222251,log_195710.txt,1.72,1.5834,0.000562
0028_20260917_dino_lr_half,233,20260918-222938,log_195710.txt,1.7249,1.5864,0.000559
0028_20260917_dino_lr_half,234,20260918-223624,log_195710.txt,1.7224,1.579,0.000556
0028_20260917_dino_lr_half,235,20260918-224310,log_195710.txt,1.7626,1.5826,0.000553
0028_20260917_dino_lr_half,236,20260918-225015,log_195710.txt,1.7455,1.5825,0.000549
0028_20260917_dino_lr_half,237,20260918-225702,log_195710.txt,1.8025,1.5832,0.000546
0028_20260917_dino_lr_half,238,20260918-230348,log_195710.txt,1.7768,1.5824,0.000543
0028_20260917_dino_lr_half,239,20260918-231035,log_195710.txt,1.7859,1.5798,0.00054
0028_20260917_dino_lr_half,240,20260918-231720,log_195710.txt,1.7899,1.5788,0.000536
0028_20260917_dino_lr_half,241,20260918-232424,log_195710.txt,1.7878,1.5776,0.000533
0028_20260917_dino_lr_half,242,20260918-233111,log_195710.txt,1.8226,1.5802,0.00053
0028_20260917_dino_lr_half,243,20260918-233758,log_195710.txt,1.877,1.581,0.000527
0028_20260917_dino_lr_half,244,20260918-234445,log_195710.txt,1.828,1.5791,0.000523
0028_20260917_dino_lr_half,245,20260918-235131,log_195710.txt,1.815,1.5794,0.00052
0028_20260917_dino_lr_half,246,20260918-235836,log_195710.txt,1.8069,1.5801,0.000517
0028_20260917_dino_lr_half,247,20260919-000522,log_195710.txt,1.844,1.5766,0.000514
0028_20260917_dino_lr_half,248,20260919-001210,log_195710.txt,1.8069,1.5718,0.00051
0028_20260917_dino_lr_half,249,20260919-001856,log_195710.txt,1.8234,1.5707,0.000507
0028_20260917_dino_lr_half,250,20260919-002544,log_195710.txt,1.8341,1.5715,0.000504
0028_20260917_dino_lr_half,251,20260919-003249,log_195710.txt,1.8362,1.5709,0.000501
0028_20260917_dino_lr_half,252,20260919-003936,log_195710.txt,1.8826,1.5751,0.000497
0028_20260917_dino_lr_half,253,20260919-004623,log_195710.txt,1.9203,1.5729,0.000494
0028_20260917_dino_lr_half,254,20260919-005310,log_195710.txt,1.9174,1.5711,0.000491
0028_20260917_dino_lr_half,255,20260919-005957,log_195710.txt,1.9192,1.5711,0.000487
0028_20260917_dino_lr_half,256,20260919-010702,log_195710.txt,1.9426,1.5729,0.000484
0028_20260917_dino_lr_half,257,20260919-011349,log_195710.txt,1.9175,1.5689,0.000481
0028_20260917_dino_lr_half,258,20260919-012036,log_195710.txt,1.9658,1.569,0.000478
0028_20260917_dino_lr_half,259,20260919-012723,log_195710.txt,1.9941,1.5715,0.000474
0028_20260917_dino_lr_half,260,20260919-013410,log_195710.txt,1.9412,1.5655,0.000471
0028_20260917_dino_lr_half,261,20260919-014116,log_195710.txt,1.9544,1.5675,0.000468
0028_20260917_dino_lr_half,262,20260919-014803,log_195710.txt,1.9631,1.5668,0.000465
0028_20260917_dino_lr_half,263,20260919-015450,log_195710.txt,1.9391,1.5628,0.000461
0028_20260917_dino_lr_half,264,20260919-020138,log_195710.txt,1.9334,1.5603,0.000458
0028_20260917_dino_lr_half,265,20260919-020825,log_195710.txt,1.961,1.5626,0.000455
0028_20260917_dino_lr_half,266,20260919-021531,log_195710.txt,1.9378,1.5582,0.000452
0028_20260917_dino_lr_half,267,20260919-022218,log_195710.txt,1.9699,1.5573,0.000448
0028_20260917_dino_lr_half,268,20260919-022905,log_195710.txt,1.9868,1.5572,0.000445
0028_20260917_dino_lr_half,269,20260919-023552,log_195710.txt,2.0268,1.5573,0.000442
0028_20260917_dino_lr_half,270,20260919-024238,log_195710.txt,2.045,1.56,0.000439
0028_20260917_dino_lr_half,271,20260919-024944,log_195710.txt,2.063,1.5568,0.000435
0028_20260917_dino_lr_half,272,20260919-025631,log_195710.txt,2.011,1.5545,0.000432
0028_20260917_dino_lr_half,273,20260919-030319,log_195710.txt,1.9793,1.5471,0.000429
0028_20260917_dino_lr_half,274,20260919-031006,log_195710.txt,2.0274,1.5489,0.000426
0028_20260917_dino_lr_half,275,20260919-031653,log_195710.txt,2.0437,1.5481,0.000422
0028_20260917_dino_lr_half,276,20260919-032359,log_195710.txt,2.1216,1.5527,0.000419
0028_20260917_dino_lr_half,277,20260919-033046,log_195710.txt,2.1258,1.5498,0.000416
0028_20260917_dino_lr_half,278,20260919-033733,log_195710.txt,2.0668,1.5465,0.000413
0028_20260917_dino_lr_half,279,20260919-034419,log_195710.txt,2.0986,1.5471,0.000409
0028_20260917_dino_lr_half,280,20260919-035106,log_195710.txt,2.1387,1.5452,0.000406
0028_20260917_dino_lr_half,281,20260919-035810,log_195710.txt,2.1644,1.5455,0.000403
0028_20260917_dino_lr_half,282,20260919-040457,log_195710.txt,2.1096,1.5411,0.0004
0028_20260917_dino_lr_half,283,20260919-041145,log_195710.txt,2.1205,1.5429,0.000397
0028_20260917_dino_lr_half,284,20260919-041831,log_195710.txt,2.1031,1.5364,0.000393
0028_20260917_dino_lr_half,285,20260919-042518,log_195710.txt,2.114,1.5375,0.00039
0028_20260917_dino_lr_half,286,20260919-043222,log_195710.txt,2.1671,1.5364,0.000387
0028_20260917_dino_lr_half,287,20260919-043909,log_195710.txt,2.2355,1.5376,0.000384
0028_20260917_dino_lr_half,288,20260919-044556,log_195710.txt,2.2324,1.5357,0.000381
0028_20260917_dino_lr_half,289,20260919-045244,log_195710.txt,2.2568,1.5365,0.000378
0028_20260917_dino_lr_half,290,20260919-045931,log_195710.txt,2.2736,1.5348,0.000374
0028_20260917_dino_lr_half,291,20260919-050637,log_195710.txt,2.223,1.5338,0.000371
0028_20260917_dino_lr_half,292,20260919-051324,log_195710.txt,2.2186,1.5297,0.000368
0028_20260917_dino_lr_half,293,20260919-052011,log_195710.txt,2.2243,1.5291,0.000365
0028_20260917_dino_lr_half,294,20260919-052657,log_195710.txt,2.1934,1.5251,0.000362
0028_20260917_dino_lr_half,295,20260919-053344,log_195710.txt,2.2321,1.5222,0.000359
0028_20260917_dino_lr_half,296,20260919-054049,log_195710.txt,2.2959,1.5254,0.000356
0028_20260917_dino_lr_half,297,20260919-054736,log_195710.txt,2.3256,1.5228,0.000352
0028_20260917_dino_lr_half,298,20260919-055423,log_195710.txt,2.2952,1.5206,0.000349
0028_20260917_dino_lr_half,299,20260919-060110,log_195710.txt,2.196,1.5168,0.000346
0028_20260917_dino_lr_half,300,20260919-060756,log_195710.txt,2.1374,1.5127,0.000343
0028_20260917_dino_lr_half,301,20260919-061501,log_195710.txt,2.2761,1.5143,0.00034
0028_20260917_dino_lr_half,302,20260919-062147,log_195710.txt,2.3352,1.5124,0.000337
0028_20260917_dino_lr_half,303,20260919-062834,log_195710.txt,2.2701,1.5088,0.000334
0028_20260917_dino_lr_half,304,20260919-063521,log_195710.txt,2.2959,1.5077,0.000331
0028_20260917_dino_lr_half,305,20260919-064208,log_195710.txt,2.3013,1.5049,0.000328
0028_20260917_dino_lr_half,306,20260919-064913,log_195710.txt,2.344,1.5088,0.000325
0028_20260917_dino_lr_half,307,20260919-065601,log_195710.txt,2.3481,1.5064,0.000321
0028_20260917_dino_lr_half,308,20260919-070248,log_195710.txt,2.3271,1.5028,0.000318
0028_20260917_dino_lr_half,309,20260919-070935,log_195710.txt,2.358,1.5019,0.000315
0028_20260917_dino_lr_half,310,20260919-071621,log_195710.txt,2.4427,1.5015,0.000312
0028_20260917_dino_lr_half,311,20260919-072326,log_195710.txt,2.4639,1.4997,0.000309
0028_20260917_dino_lr_half,312,20260919-073014,log_195710.txt,2.4616,1.4983,0.000306
0028_20260917_dino_lr_half,313,20260919-073701,log_195710.txt,2.4203,1.4951,0.000303
0028_20260917_dino_lr_half,314,20260919-074348,log_195710.txt,2.3742,1.4904,0.0003
0028_20260917_dino_lr_half,315,20260919-075035,log_195710.txt,2.3793,1.4878,0.000297
0028_20260917_dino_lr_half,316,20260919-075740,log_195710.txt,2.4325,1.4867,0.000294
0028_20260917_dino_lr_half,317,20260919-080426,log_195710.txt,2.4314,1.4848,0.000291
0028_20260917_dino_lr_half,318,20260919-081114,log_195710.txt,2.4128,1.4827,0.000288
0028_20260917_dino_lr_half,319,20260919-081801,log_195710.txt,2.3834,1.479,0.000285
0028_20260917_dino_lr_half,320,20260919-082448,log_195710.txt,2.4685,1.4777,0.000283
0028_20260917_dino_lr_half,321,20260919-083153,log_195710.txt,2.4623,1.4753,0.00028
0028_20260917_dino_lr_half,322,20260919-083841,log_195710.txt,2.5199,1.4742,0.000277
0028_20260917_dino_lr_half,323,20260919-084529,log_195710.txt,2.4254,1.4701,0.000274
0028_20260917_dino_lr_half,324,20260919-085216,log_195710.txt,2.4882,1.4691,0.000271
0028_20260917_dino_lr_half,325,20260919-085903,log_195710.txt,2.4884,1.4675,0.000268
0028_20260917_dino_lr_half,326,20260919-090609,log_195710.txt,2.4914,1.4648,0.000265
0028_20260917_dino_lr_half,327,20260919-091255,log_195710.txt,2.4729,1.4606,0.000262
0028_20260917_dino_lr_half,328,20260919-091943,log_195710.txt,2.5187,1.4605,0.000259
0028_20260917_dino_lr_half,329,20260919-092630,log_195710.txt,2.5803,1.4583,0.000256
0028_20260917_dino_lr_half,330,20260919-093318,log_195710.txt,2.5388,1.455,0.000254
0028_20260917_dino_lr_half,331,20260919-094022,log_195710.txt,2.6045,1.4567,0.000251
0028_20260917_dino_lr_half,332,20260919-094710,log_195710.txt,2.5822,1.4533,0.000248
0028_20260917_dino_lr_half,333,20260919-095357,log_195710.txt,2.5782,1.4492,0.000245
0028_20260917_dino_lr_half,334,20260919-100044,log_195710.txt,2.6423,1.4464,0.000242
0028_20260917_dino_lr_half,335,20260919-100730,log_195710.txt,2.6452,1.446,0.00024
0028_20260917_dino_lr_half,336,20260919-101434,log_195710.txt,2.6723,1.4418,0.000237
0028_20260917_dino_lr_half,337,20260919-102121,log_195710.txt,2.6467,1.4404,0.000234
0028_20260917_dino_lr_half,338,20260919-102807,log_195710.txt,2.6532,1.44,0.000231
0028_20260917_dino_lr_half,339,20260919-103454,log_195710.txt,2.8004,1.4419,0.000228
0028_20260917_dino_lr_half,340,20260919-104141,log_195710.txt,2.6422,1.4366,0.000226
0028_20260917_dino_lr_half,341,20260919-104846,log_195710.txt,2.5931,1.4333,0.000223
0028_20260917_dino_lr_half,342,20260919-105534,log_195710.txt,2.6264,1.4298,0.00022
0028_20260917_dino_lr_half,343,20260919-110222,log_195710.txt,2.6665,1.4272,0.000218
0028_20260917_dino_lr_half,344,20260919-110910,log_195710.txt,2.655,1.4234,0.000215
0028_20260917_dino_lr_half,345,20260919-111558,log_195710.txt,2.671,1.4212,0.000212
0028_20260917_dino_lr_half,346,20260919-112304,log_195710.txt,2.6764,1.4178,0.00021
0028_20260917_dino_lr_half,347,20260919-112952,log_195710.txt,2.6746,1.4157,0.000207
0028_20260917_dino_lr_half,348,20260919-113640,log_195710.txt,2.7248,1.413,0.000204
0028_20260917_dino_lr_half,349,20260919-114327,log_195710.txt,2.7434,1.4108,0.000202
0028_20260917_dino_lr_half,350,20260919-115015,log_195710.txt,2.6986,1.406,0.000199
0028_20260917_dino_lr_half,351,20260919-115720,log_195710.txt,2.8211,1.4064,0.000196
0028_20260917_dino_lr_half,352,20260919-120407,log_195710.txt,2.7601,1.4042,0.000194
0028_20260917_dino_lr_half,353,20260919-121053,log_195710.txt,2.8043,1.4005,0.000191
0028_20260917_dino_lr_half,354,20260919-121741,log_195710.txt,2.7759,1.3977,0.000189
0028_20260917_dino_lr_half,355,20260919-122428,log_195710.txt,2.823,1.3957,0.000186
0028_20260917_dino_lr_half,356,20260919-123133,log_195710.txt,2.8053,1.3924,0.000184
0028_20260917_dino_lr_half,357,20260919-123821,log_195710.txt,2.837,1.389,0.000181
0028_20260917_dino_lr_half,358,20260919-124508,log_195710.txt,2.847,1.3888,0.000179
0028_20260917_dino_lr_half,359,20260919-125156,log_195710.txt,2.8979,1.385,0.000176
0028_20260917_dino_lr_half,360,20260919-125844,log_195710.txt,2.9408,1.3843,0.000174
0028_20260917_dino_lr_half,361,20260919-130549,log_195710.txt,2.9806,1.3787,0.000171
0028_20260917_dino_lr_half,362,20260919-131237,log_195710.txt,2.968,1.3764,0.000169
0028_20260917_dino_lr_half,363,20260919-131924,log_195710.txt,2.9783,1.3744,0.000166
0028_20260917_dino_lr_half,364,20260919-132612,log_195710.txt,3.0202,1.3705,0.000164
0028_20260917_dino_lr_half,365,20260919-133259,log_195710.txt,2.9933,1.3674,0.000161
0028_20260917_dino_lr_half,366,20260919-134004,log_195710.txt,3.0285,1.3655,0.000159
0028_20260917_dino_lr_half,367,20260919-134652,log_195710.txt,3.0441,1.3629,0.000157
0028_20260917_dino_lr_half,368,20260919-135339,log_195710.txt,3.1358,1.3604,0.000154
0028_20260917_dino_lr_half,369,20260919-140027,log_195710.txt,3.1163,1.3574,0.000152
0028_20260917_dino_lr_half,370,20260919-140715,log_195710.txt,3.1006,1.3549,0.00015
0028_20260917_dino_lr_half,371,20260919-141422,log_195710.txt,3.0337,1.3498,0.000147
0028_20260917_dino_lr_half,372,20260919-142109,log_195710.txt,3.0214,1.3463,0.000145
0028_20260917_dino_lr_half,373,20260919-142757,log_195710.txt,3.0358,1.3432,0.000143
0028_20260917_dino_lr_half,374,20260919-143445,log_195710.txt,3.1761,1.3418,0.00014
0028_20260917_dino_lr_half,375,20260919-144133,log_195710.txt,3.1692,1.339,0.000138
0028_20260917_dino_lr_half,376,20260919-144839,log_195710.txt,3.1479,1.3338,0.000136
0028_20260917_dino_lr_half,377,20260919-145527,log_195710.txt,3.1487,1.331,0.000134
0028_20260917_dino_lr_half,378,20260919-150215,log_195710.txt,3.239,1.3291,0.000131
0028_20260917_dino_lr_half,379,20260919-150903,log_195710.txt,3.2537,1.3275,0.000129
0028_20260917_dino_lr_half,380,20260919-151550,log_195710.txt,3.3843,1.3239,0.000127
0028_20260917_dino_lr_half,381,20260919-152256,log_195710.txt,3.2476,1.3213,0.000125
0028_20260917_dino_lr_half,382,20260919-152944,log_195710.txt,3.1695,1.3178,0.000123
0028_20260917_dino_lr_half,383,20260919-153631,log_195710.txt,3.232,1.3153,0.000121
0028_20260917_dino_lr_half,384,20260919-154319,log_195710.txt,3.1693,1.3118,0.000119
0028_20260917_dino_lr_half,385,20260919-155006,log_195710.txt,3.2573,1.3063,0.000116
0028_20260917_dino_lr_half,386,20260919-155712,log_195710.txt,3.3317,1.3051,0.000114
0028_20260917_dino_lr_half,387,20260919-160400,log_195710.txt,3.3588,1.3016,0.000112
0028_20260917_dino_lr_half,388,20260919-161047,log_195710.txt,3.246,1.2962,0.00011
0028_20260917_dino_lr_half,389,20260919-161735,log_195710.txt,3.2673,1.2925,0.000108
0028_20260917_dino_lr_half,390,20260919-162423,log_195710.txt,3.52,1.2903,0.000106
0028_20260917_dino_lr_half,391,20260919-163128,log_195710.txt,3.4631,1.2906,0.000104
0028_20260917_dino_lr_half,392,20260919-163816,log_195710.txt,3.3108,1.2822,0.000102
0028_20260917_dino_lr_half,393,20260919-164504,log_195710.txt,3.4299,1.2812,0.0001
0028_20260917_dino_lr_half,394,20260919-165152,log_195710.txt,3.3586,1.2766,9.83e-05
0028_20260917_dino_lr_half,395,20260919-165839,log_195710.txt,3.4657,1.2729,9.64e-05
0028_20260917_dino_lr_half,396,20260919-170545,log_195710.txt,3.5904,1.2705,9.45e-05
0028_20260917_dino_lr_half,397,20260919-171232,log_195710.txt,3.6967,1.266,9.26e-05
0028_20260917_dino_lr_half,398,20260919-171920,log_195710.txt,3.6963,1.2645,9.07e-05
0028_20260917_dino_lr_half,399,20260919-172608,log_195710.txt,3.665,1.26,8.88e-05
0028_20260917_dino_lr_half,400,20260919-173256,log_195710.txt,3.6999,1.2584,8.7e-05
0028_20260917_dino_lr_half,401,20260919-174002,log_195710.txt,3.7041,1.253,8.52e-05
0028_20260917_dino_lr_half,402,20260919-174650,log_195710.txt,3.7529,1.2505,8.34e-05
0028_20260917_dino_lr_half,403,20260919-175338,log_195710.txt,3.6826,1.247,8.16e-05
0028_20260917_dino_lr_half,404,20260919-180025,log_195710.txt,3.7193,1.244,7.98e-05
0028_20260917_dino_lr_half,405,20260919-180712,log_195710.txt,3.8378,1.24,7.81e-05
0028_20260917_dino_lr_half,406,20260919-181419,log_195710.txt,3.8489,1.2365,7.63e-05
0028_20260917_dino_lr_half,407,20260919-182106,log_195710.txt,3.7871,1.2323,7.46e-05
0028_20260917_dino_lr_half,408,20260919-182754,log_195710.txt,3.9084,1.23,7.29e-05
0028_20260917_dino_lr_half,409,20260919-183442,log_195710.txt,4.0338,1.2286,7.12e-05
0028_20260917_dino_lr_half,410,20260919-184130,log_195710.txt,4.1258,1.2243,6.96e-05
0028_20260917_dino_lr_half,411,20260919-184837,log_195710.txt,3.8493,1.2204,6.79e-05
0028_20260917_dino_lr_half,412,20260919-185524,log_195710.txt,4.037,1.2186,6.63e-05
0028_20260917_dino_lr_half,413,20260919-190212,log_195710.txt,3.9566,1.2134,6.47e-05
0028_20260917_dino_lr_half,414,20260919-190900,log_195710.txt,3.8927,1.2099,6.31e-05
0028_20260917_dino_lr_half,415,20260919-191548,log_195710.txt,3.9035,1.2053,6.15e-05
0028_20260917_dino_lr_half,416,20260919-192254,log_195710.txt,3.9927,1.2019,6e-05
0028_20260917_dino_lr_half,417,20260919-192942,log_195710.txt,4.0677,1.1985,5.84e-05
0028_20260917_dino_lr_half,418,20260919-193630,log_195710.txt,4.0789,1.1944,5.69e-05
0028_20260917_dino_lr_half,419,20260919-194318,log_195710.txt,4.1278,1.1927,5.54e-05
0028_20260917_dino_lr_half,420,20260923-152310,log_151710.txt,4.0004,1.1864,5.4e-05
0028_20260917_dino_lr_half,421,20260923-153022,log_151710.txt,4.09,1.1825,5.25e-05
0028_20260917_dino_lr_half,422,20260923-153715,log_151710.txt,4.2277,1.1801,5.11e-05
0028_20260917_dino_lr_half,423,20260923-154407,log_151710.txt,4.4573,1.1777,4.97e-05
0028_20260917_dino_lr_half,424,20260923-155101,log_151710.txt,4.2942,1.1724,4.83e-05
0028_20260917_dino_lr_half,425,20260923-155754,log_151710.txt,4.3113,1.17,4.69e-05
0028_20260917_dino_lr_half,426,20260923-160505,log_151710.txt,4.2755,1.166,4.55e-05
0028_20260917_dino_lr_half,427,20260923-161158,log_151710.txt,4.2037,1.1624,4.42e-05
0028_20260917_dino_lr_half,428,20260923-161851,log_151710.txt,4.2679,1.158,4.29e-05
0028_20260917_dino_lr_half,429,20260923-162544,log_151710.txt,4.3897,1.1551,4.16e-05
0028_20260917_dino_lr_half,430,20260923-163236,log_151710.txt,4.3625,1.1515,4.03e-05
0028_20260917_dino_lr_half,431,20260923-163947,log_151710.txt,4.4005,1.1488,3.9e-05
0028_20260917_dino_lr_half,432,20260923-164639,log_151710.txt,4.3885,1.1437,3.78e-05
0028_20260917_dino_lr_half,433,20260923-165332,log_151710.txt,4.4325,1.142,3.66e-05
0028_20260917_dino_lr_half,434,20260923-170024,log_151710.txt,4.4239,1.1372,3.54e-05
0028_20260917_dino_lr_half,435,20260923-170717,log_151710.txt,4.417,1.1338,3.42e-05
0028_20260917_dino_lr_half,436,20260923-171428,log_151710.txt,4.528,1.1312,3.3e-05
0028_20260917_dino_lr_half,437,20260923-172121,log_151710.txt,4.5202,1.1269,3.19e-05
0028_20260917_dino_lr_half,438,20260923-172813,log_151710.txt,4.4891,1.1236,3.08e-05
0028_20260917_dino_lr_half,439,20260923-173506,log_151710.txt,4.5795,1.1219,2.97e-05
0028_20260917_dino_lr_half,440,20260923-174158,log_151710.txt,4.4992,1.1167,2.86e-05
0028_20260917_dino_lr_half,441,20260923-174910,log_151710.txt,4.5785,1.1139,2.75e-05
0028_20260917_dino_lr_half,442,20260923-175602,log_151710.txt,4.5982,1.1121,2.65e-05
0028_20260917_dino_lr_half,443,20260923-180254,log_151710.txt,4.6212,1.1075,2.54e-05
0028_20260917_dino_lr_half,444,20260923-180947,log_151710.txt,4.6021,1.1045,2.44e-05
0028_20260917_dino_lr_half,445,20260923-181639,log_151710.txt,4.6329,1.1018,2.35e-05
0028_20260917_dino_lr_half,446,20260923-182349,log_151710.txt,4.5818,1.0977,2.25e-05
0028_20260917_dino_lr_half,447,20260923-183041,log_151710.txt,4.6495,1.0952,2.16e-05
0028_20260917_dino_lr_half,448,20260923-183734,log_151710.txt,4.6968,1.0912,2.07e-05
0028_20260917_dino_lr_half,449,20260923-184425,log_151710.txt,4.7831,1.0884,1.98e-05
0028_20260917_dino_lr_half,450,20260923-185117,log_151710.txt,4.761,1.0859,1.89e-05
0028_20260917_dino_lr_half,451,20260923-185828,log_151710.txt,4.7822,1.0833,1.8e-05
0028_20260917_dino_lr_half,452,20260923-190521,log_151710.txt,5.0409,1.0796,1.72e-05
0028_20260917_dino_lr_half,453,20260923-191213,log_151710.txt,4.8256,1.0782,1.64e-05
0028_20260917_dino_lr_half,454,20260923-191905,log_151710.txt,4.8489,1.0741,1.56e-05
0028_20260917_dino_lr_half,455,20260923-192557,log_151710.txt,4.8602,1.0711,1.48e-05
0028_20260917_dino_lr_half,456,20260923-193308,log_151710.txt,4.9067,1.0687,1.4e-05
0028_20260917_dino_lr_half,457,20260923-194000,log_151710.txt,4.9246,1.066,1.33e-05
0028_20260917_dino_lr_half,458,20260923-194652,log_151710.txt,4.9281,1.0634,1.26e-05
0028_20260917_dino_lr_half,459,20260923-195344,log_151710.txt,4.9358,1.0611,1.19e-05
0028_20260917_dino_lr_half,460,20260923-200036,log_151710.txt,4.9609,1.0578,1.12e-05
0028_20260917_dino_lr_half,461,20260923-200747,log_151710.txt,4.9236,1.0566,1.06e-05
0028_20260917_dino_lr_half,462,20260923-201439,log_151710.txt,4.9605,1.0535,9.97e-06
0028_20260917_dino_lr_half,463,20260923-202131,log_151710.txt,4.9541,1.0503,9.36e-06
0028_20260917_dino_lr_half,464,20260923-202823,log_151710.txt,5.0253,1.049,8.78e-06
0028_20260917_dino_lr_half,465,20260923-203515,log_151710.txt,4.9925,1.0469,8.21e-06
0028_20260917_dino_lr_half,466,20260923-204226,log_151710.txt,5.0152,1.0444,7.67e-06
0028_20260917_dino_lr_half,467,20260923-204918,log_151710.txt,5.0219,1.0429,7.15e-06
0028_20260917_dino_lr_half,468,20260923-205611,log_151710.txt,4.9875,1.0407,6.65e-06
0028_20260917_dino_lr_half,469,20260923-210304,log_151710.txt,4.9715,1.0392,6.17e-06
0028_20260917_dino_lr_half,470,20260923-210955,log_151710.txt,5.0607,1.0363,5.71e-06
0028_20260917_dino_lr_half,471,20260923-211707,log_151710.txt,5.028,1.035,5.27e-06
0028_20260917_dino_lr_half,472,20260923-212359,log_151710.txt,4.9882,1.034,4.86e-06
0028_20260917_dino_lr_half,473,20260923-213050,log_151710.txt,5.0382,1.032,4.46e-06
0028_20260917_dino_lr_half,474,20260923-213742,log_151710.txt,5.048,1.0306,4.09e-06
0028_20260917_dino_lr_half,475,20260923-214434,log_151710.txt,4.9985,1.0289,3.74e-06
0028_20260917_dino_lr_half,476,20260923-215145,log_151710.txt,5.011,1.0279,3.41e-06
0028_20260917_dino_lr_half,477,20260923-215837,log_151710.txt,5.0439,1.0266,3.1e-06
0028_20260917_dino_lr_half,478,20260923-220529,log_151710.txt,4.9959,1.0251,2.81e-06
0028_20260917_dino_lr_half,479,20260923-221222,log_151710.txt,5.0229,1.0238,2.54e-06
0028_20260917_dino_lr_half,480,20260923-221915,log_151710.txt,4.9905,1.0225,2.29e-06
